Partido,Cod_Prov,Cod_Part,stratum,p_bray
Balcarce,06,063,6063,6.304
Balcarce,06,063,6063,7.72
Balcarce,06,063,6063,10.032
Balcarce,06,063,6063,8.104
Balcarce,06,063,6063,19.672
Balcarce,06,063,6063,11.96
Balcarce,06,063,6063,7.912
Balcarce,06,063,6063,6.328
Balcarce,06,063,6063,8.704
Balcarce,06,063,6063,11.08
Balcarce,06,063,6063,7.184
Balcarce,06,063,6063,3.392
Balcarce,06,063,6063,4.472
Balcarce,06,063,6063,3.664
Balcarce,06,063,6063,3.8
Balcarce,06,063,6063,11.431131019036952
Balcarce,06,063,6063,7.8477043673012314
Balcarce,06,063,6063,14.208286674132138
Balcarce,06,063,6063,17.41176470588235
Balcarce,06,063,6063,3.176470588235294
Balcarce,06,063,6063,8.02
Balcarce,06,063,6063,9.651162790697674
Balcarce,06,063,6063,5.5813953488372094
Balcarce,06,063,6063,13.372093023255813
Balcarce,06,063,6063,11.86046511627907
Balcarce,06,063,6063,8.604651162790697
Balcarce,06,063,6063,52.313043478260866
Balcarce,06,063,6063,35.33913043478261
Balcarce,06,063,6063,4.519774011299434
Balcarce,06,063,6063,7.570621468926553
Balcarce,06,063,6063,4.293785310734464
Balcarce,06,063,6063,6.3276836158192085
Balcarce,06,063,6063,11.299435028248586
Balcarce,06,063,6063,4.63276836158192
Balcarce,06,063,6063,4.406779661016948
Balcarce,06,063,6063,4.604316546762589
Balcarce,06,063,6063,4.604316546762589
Balcarce,06,063,6063,15.380200860832138
Balcarce,06,063,6063,10.329985652797705
Balcarce,06,063,6063,7.690100430416068
Balcarce,06,063,6063,17.33142037302726
Balcarce,06,063,6063,17.21664275466284
Balcarce,06,063,6063,21.016949152542374
Balcarce,06,063,6063,10.256
Balcarce,06,063,6063,12.336
Balcarce,06,063,6063,26.888
Balcarce,06,063,6063,16.488
Balcarce,06,063,6063,8.176
Balcarce,06,063,6063,6.928
Balcarce,06,063,6063,5.984
Balcarce,06,063,6063,4.72
Balcarce,06,063,6063,6.768
Balcarce,06,063,6063,6.768
Balcarce,06,063,6063,15.192
Balcarce,06,063,6063,8.912
Balcarce,06,063,6063,22.288
Balcarce,06,063,6063,16.328
Balcarce,06,063,6063,10.656
Balcarce,06,063,6063,10.896
Balcarce,06,063,6063,14.904
Balcarce,06,063,6063,12.904
Balcarce,06,063,6063,5.696
Balcarce,06,063,6063,11.248
Balcarce,06,063,6063,7.528
Balcarce,06,063,6063,6.696
Balcarce,06,063,6063,7.648
Balcarce,06,063,6063,12.384
Balcarce,06,063,6063,7.192
Balcarce,06,063,6063,14.68
Balcarce,06,063,6063,14.56
Balcarce,06,063,6063,9.032
Balcarce,06,063,6063,22.616
Balcarce,06,063,6063,7.424
Balcarce,06,063,6063,5.12
Balcarce,06,063,6063,10.76
Balcarce,06,063,6063,8.112
Balcarce,06,063,6063,18.128
Balcarce,06,063,6063,16.632
Balcarce,06,063,6063,26.808
Balcarce,06,063,6063,26.448
Balcarce,06,063,6063,27.992
Balcarce,06,063,6063,8.08
Balcarce,06,063,6063,7.128
Balcarce,06,063,6063,23.112
Balcarce,06,063,6063,8.328
Balcarce,06,063,6063,22.816
Balcarce,06,063,6063,29.488
Balcarce,06,063,6063,33
Balcarce,06,063,6063,9.288
Balcarce,06,063,6063,6.112
Balcarce,06,063,6063,30.016
Balcarce,06,063,6063,11.16
Balcarce,06,063,6063,26.704
Balcarce,06,063,6063,28.376
Balcarce,06,063,6063,14.448
Balcarce,06,063,6063,24.152
Balcarce,06,063,6063,11.464
Balcarce,06,063,6063,12.136
Balcarce,06,063,6063,5.176
Balcarce,06,063,6063,7.432
Balcarce,06,063,6063,47.216
Balcarce,06,063,6063,18.88
Balcarce,06,063,6063,5.656
Balcarce,06,063,6063,3.536
Balcarce,06,063,6063,4.48
Balcarce,06,063,6063,14.784
Balcarce,06,063,6063,31.992
Balcarce,06,063,6063,22.584
Balcarce,06,063,6063,18
Balcarce,06,063,6063,31.0824
Balcarce,06,063,6063,13.405600000000002
Balcarce,06,063,6063,26.55272
Balcarce,06,063,6063,26.55272
Balcarce,06,063,6063,17.71432
Balcarce,06,063,6063,18.3772
Balcarce,06,063,6063,14.95232
Balcarce,06,063,6063,23.3488
Balcarce,06,063,6063,3.1309600000000004
Balcarce,06,063,6063,6.11392
Balcarce,06,063,6063,10.75408
Balcarce,06,063,6063,29.867120000000003
Balcarce,06,063,6063,30.309039999999996
Balcarce,06,063,6063,10.378
Balcarce,06,063,6063,8.64
Balcarce,06,063,6063,20.04
Balcarce,06,063,6063,15.72
Balcarce,06,063,6063,6.72
Balcarce,06,063,6063,11.64
Balcarce,06,063,6063,8.76
Balcarce,06,063,6063,62.72
Balcarce,06,063,6063,10.32
Balcarce,06,063,6063,22
Balcarce,06,063,6063,62.64
Balcarce,06,063,6063,9.776
Balcarce,06,063,6063,10.2
Balcarce,06,063,6063,10.728
Balcarce,06,063,6063,11.256
Balcarce,06,063,6063,8.296
Balcarce,06,063,6063,11.152
Balcarce,06,063,6063,8.824
Balcarce,06,063,6063,5.024
Balcarce,06,063,6063,7.032
Balcarce,06,063,6063,4.024
Balcarce,06,063,6063,6.504
Balcarce,06,063,6063,5.976
Balcarce,06,063,6063,7.352
Balcarce,06,063,6063,9.464
Balcarce,06,063,6063,6.824
Balcarce,06,063,6063,11.784
Balcarce,06,063,6063,13.576
Balcarce,06,063,6063,9.776
Balcarce,06,063,6063,17.808
Balcarce,06,063,6063,8.192
Balcarce,06,063,6063,17.064
Balcarce,06,063,6063,18.336
Balcarce,06,063,6063,11.736
Balcarce,06,063,6063,13.744
Balcarce,06,063,6063,8.056
Balcarce,06,063,6063,6.384
Balcarce,06,063,6063,6.944
Balcarce,06,063,6063,19.32
Balcarce,06,063,6063,8.016
Balcarce,06,063,6063,11.016
Balcarce,06,063,6063,25.128
Balcarce,06,063,6063,12.56
Balcarce,06,063,6063,10.451010886469675
Balcarce,06,063,6063,12.121212121212123
Balcarce,06,063,6063,13.448
Balcarce,06,063,6063,13.104
Balcarce,06,063,6063,12.88
Balcarce,06,063,6063,8.56
Balcarce,06,063,6063,38.584
Balcarce,06,063,6063,18.64
Balcarce,06,063,6063,19.76
Balcarce,06,063,6063,15.68
Balcarce,06,063,6063,23.04
Balcarce,06,063,6063,54.08
Balcarce,06,063,6063,4.88
Balcarce,06,063,6063,11.6
Balcarce,06,063,6063,4.96
Balcarce,06,063,6063,4.968
Balcarce,06,063,6063,18.328
Balcarce,06,063,6063,32.872
Balcarce,06,063,6063,29.456
Balcarce,06,063,6063,3.056
Balcarce,06,063,6063,3.96
Balcarce,06,063,6063,5.648
Balcarce,06,063,6063,6.68
Balcarce,06,063,6063,10.44
Balcarce,06,063,6063,6.68
Balcarce,06,063,6063,8.496
Balcarce,06,063,6063,6.424
Balcarce,06,063,6063,5.104
Balcarce,06,063,6063,7.624
Balcarce,06,063,6063,8.552
Balcarce,06,063,6063,7.36
Balcarce,06,063,6063,19.672
Balcarce,06,063,6063,19.672
Balcarce,06,063,6063,18.392
Balcarce,06,063,6063,15.048
Balcarce,06,063,6063,12.352
Balcarce,06,063,6063,7.72
Balcarce,06,063,6063,8.752
Balcarce,06,063,6063,7.592
Balcarce,06,063,6063,7.592
Balcarce,06,063,6063,5.92
Balcarce,06,063,6063,4.944
Balcarce,06,063,6063,10.032
Balcarce,06,063,6063,9.096
Balcarce,06,063,6063,12.536
Balcarce,06,063,6063,11.344
Balcarce,06,063,6063,16.4
Balcarce,06,063,6063,7.848
Balcarce,06,063,6063,15.36
Balcarce,06,063,6063,7.072
Balcarce,06,063,6063,36.48
Balcarce,06,063,6063,13.936
Balcarce,06,063,6063,10.184
Balcarce,06,063,6063,15.648
Balcarce,06,063,6063,27.512
Balcarce,06,063,6063,16.16
Balcarce,06,063,6063,22.256
Balcarce,06,063,6063,37.344
Balcarce,06,063,6063,13.376
Balcarce,06,063,6063,13.376
Balcarce,06,063,6063,12.84
Balcarce,06,063,6063,6.416
Balcarce,06,063,6063,6.68
Balcarce,06,063,6063,6.552
Balcarce,06,063,6063,15.384
Balcarce,06,063,6063,23.552
Balcarce,06,063,6063,16.992
Balcarce,06,063,6063,28.912
Balcarce,06,063,6063,16.32
Balcarce,06,063,6063,14.584
Balcarce,06,063,6063,40.064
Balcarce,06,063,6063,22.576
Balcarce,06,063,6063,24.616
Balcarce,06,063,6063,25.816
Balcarce,06,063,6063,55.288
Balcarce,06,063,6063,5.88
Balcarce,06,063,6063,13.848
Balcarce,06,063,6063,40.448
Balcarce,06,063,6063,32.224
Balcarce,06,063,6063,15.392
Balcarce,06,063,6063,15.392
Balcarce,06,063,6063,12.176
Balcarce,06,063,6063,28.112
Balcarce,06,063,6063,26.056
Balcarce,06,063,6063,51.52
Balcarce,06,063,6063,16.424
Balcarce,06,063,6063,28.944
Balcarce,06,063,6063,48.576
Balcarce,06,063,6063,22.76
Balcarce,06,063,6063,28.176
Balcarce,06,063,6063,43.168
Balcarce,06,063,6063,12.248
Balcarce,06,063,6063,11.704
Balcarce,06,063,6063,7.208
Balcarce,06,063,6063,8.104
Balcarce,06,063,6063,12.864
Balcarce,06,063,6063,9.264
Balcarce,06,063,6063,9.392
Balcarce,06,063,6063,12.088
Balcarce,06,063,6063,18.52
Balcarce,06,063,6063,16.2
Balcarce,06,063,6063,9.392
Balcarce,06,063,6063,9.136
Balcarce,06,063,6063,11.192
Balcarce,06,063,6063,11.064
Balcarce,06,063,6063,15.304
Balcarce,06,063,6063,18.776
Balcarce,06,063,6063,16.2
Balcarce,06,063,6063,17.616
Balcarce,06,063,6063,19.08
Balcarce,06,063,6063,42.944
Balcarce,06,063,6063,28.184
Balcarce,06,063,6063,14.256
Balcarce,06,063,6063,14.256
Balcarce,06,063,6063,12.456
Balcarce,06,063,6063,21.56
Balcarce,06,063,6063,15.768
Balcarce,06,063,6063,11.216
Balcarce,06,063,6063,35.632
Balcarce,06,063,6063,34.392
Balcarce,06,063,6063,28.184
Balcarce,06,063,6063,16.184
Balcarce,06,063,6063,17.976
Balcarce,06,063,6063,25.56
Balcarce,06,063,6063,43.496
Balcarce,06,063,6063,47.216
Balcarce,06,063,6063,12.432
Balcarce,06,063,6063,16.144
Balcarce,06,063,6063,11.432
Balcarce,06,063,6063,9.568
Balcarce,06,063,6063,15.432
Balcarce,06,063,6063,9.568
Balcarce,06,063,6063,7.568
Balcarce,06,063,6063,18.112
Balcarce,06,063,6063,10.944
Balcarce,06,063,6063,13.48
Balcarce,06,063,6063,19.552
Balcarce,06,063,6063,17.56
Balcarce,06,063,6063,28.136
Balcarce,06,063,6063,15.512
Balcarce,06,063,6063,25.872
Balcarce,06,063,6063,24.184
Balcarce,06,063,6063,30.36
Balcarce,06,063,6063,24.408
Balcarce,06,063,6063,26.52
Balcarce,06,063,6063,22.32
Balcarce,06,063,6063,20.536
Balcarce,06,063,6063,19.592
Balcarce,06,063,6063,25.256
Balcarce,06,063,6063,45.616
Balcarce,06,063,6063,33.44
Balcarce,06,063,6063,26.832
Balcarce,06,063,6063,25.888
Balcarce,06,063,6063,29.248
Balcarce,06,063,6063,30.68
Balcarce,06,063,6063,29.168
Balcarce,06,063,6063,20.984
Balcarce,06,063,6063,57.52
Balcarce,06,063,6063,59.68
Balcarce,06,063,6063,8.936
Balcarce,06,063,6063,21.44
Balcarce,06,063,6063,7.216
Balcarce,06,063,6063,6.296
Balcarce,06,063,6063,12.84
Balcarce,06,063,6063,7.56
Balcarce,06,063,6063,9.032
Balcarce,06,063,6063,10.648
Balcarce,06,063,6063,9.032
Balcarce,06,063,6063,12.832
Balcarce,06,063,6063,5.008
Balcarce,06,063,6063,9.304
Balcarce,06,063,6063,38.464
Balcarce,06,063,6063,37.08
Balcarce,06,063,6063,22.352
Balcarce,06,063,6063,27.992
Balcarce,06,063,6063,26.952
Balcarce,06,063,6063,27.76
Balcarce,06,063,6063,10.32
Balcarce,06,063,6063,12.352
Balcarce,06,063,6063,15.064
Balcarce,06,063,6063,27.328
Balcarce,06,063,6063,10.264
Balcarce,06,063,6063,6.448
Balcarce,06,063,6063,6.448
Balcarce,06,063,6063,7.008
Balcarce,06,063,6063,8.128
Balcarce,06,063,6063,43.568
Balcarce,06,063,6063,25.328
Balcarce,06,063,6063,33.075630252100844
Balcarce,06,063,6063,24.605042016806724
Balcarce,06,063,6063,30.924369747899163
Balcarce,06,063,6063,13.181818181818182
Balcarce,06,063,6063,10.46153846153846
Balcarce,06,063,6063,17.538461538461537
Balcarce,06,063,6063,9.076923076923077
Balcarce,06,063,6063,3.8461538461538467
Balcarce,06,063,6063,9.538461538461538
Balcarce,06,063,6063,5.017921146953404
Balcarce,06,063,6063,43.01075268817204
Balcarce,06,063,6063,55.23287671232877
Balcarce,06,063,6063,22.630834512022634
Balcarce,06,063,6063,5.997171145685997
Balcarce,06,063,6063,5.657708628005658
Balcarce,06,063,6063,9.27864214992928
Balcarce,06,063,6063,16.52050919377652
Balcarce,06,063,6063,12.22065063649222
Balcarce,06,063,6063,7.6944837340876955
Balcarce,06,063,6063,10.41018387553041
Balcarce,06,063,6063,6.336633663366337
Balcarce,06,063,6063,4.464
Balcarce,06,063,6063,3.952
Balcarce,06,063,6063,47.168
Balcarce,06,063,6063,46.96
Balcarce,06,063,6063,36.576
Balcarce,06,063,6063,11.952
Balcarce,06,063,6063,5.92
Balcarce,06,063,6063,9.333333333333334
Balcarce,06,063,6063,12.367688022284122
Balcarce,06,063,6063,10.362116991643454
Balcarce,06,063,6063,3.9245283018867925
Balcarce,06,063,6063,5.232704402515723
Balcarce,06,063,6063,6.6415094339622645
Balcarce,06,063,6063,7.446540880503144
Balcarce,06,063,6063,7.446540880503144
Balcarce,06,063,6063,10.867924528301886
Balcarce,06,063,6063,10.94289508632138
Balcarce,06,063,6063,54.16216216216216
Balcarce,06,063,6063,14.054054054054054
Balcarce,06,063,6063,12.223738062755798
Balcarce,06,063,6063,7.96725784447476
Balcarce,06,063,6063,14.09271523178808
Balcarce,06,063,6063,15.57615894039735
Balcarce,06,063,6063,7.735099337748344
Balcarce,06,063,6063,10.228802153432031
Balcarce,06,063,6063,12.166890982503364
Balcarce,06,063,6063,5.491251682368775
Balcarce,06,063,6063,18.453333333333333
Balcarce,06,063,6063,9.6
Balcarce,06,063,6063,17.066666666666666
Balcarce,06,063,6063,8.091353996737357
Balcarce,06,063,6063,29.102773246329527
Balcarce,06,063,6063,10.048939641109298
Balcarce,06,063,6063,10.96247960848287
Balcarce,06,063,6063,7.047308319738989
Balcarce,06,063,6063,4.828711256117455
Balcarce,06,063,6063,6.525285481239805
Balcarce,06,063,6063,5.611745513866231
Balcarce,06,063,6063,4.959216965742252
Balcarce,06,063,6063,2.8711256117455135
Balcarce,06,063,6063,18.401305057096245
Balcarce,06,063,6063,23.774647887323944
Balcarce,06,063,6063,67.83098591549296
Balcarce,06,063,6063,8
Balcarce,06,063,6063,9.257142857142856
Balcarce,06,063,6063,16.228571428571424
Balcarce,06,063,6063,27.524475524475527
Balcarce,06,063,6063,17.454545454545457
Balcarce,06,063,6063,6.530612244897959
Balcarce,06,063,6063,2.8299319727891157
Balcarce,06,063,6063,4.462585034013606
Balcarce,06,063,6063,11.428571428571429
Balcarce,06,063,6063,7.401360544217688
Balcarce,06,063,6063,8.70748299319728
Balcarce,06,063,6063,16.653061224489797
Balcarce,06,063,6063,19.156462585034014
Balcarce,06,063,6063,18.208
Balcarce,06,063,6063,14.912
Balcarce,06,063,6063,12.408
Balcarce,06,063,6063,12.544
Balcarce,06,063,6063,17.416
Balcarce,06,063,6063,17.808
Balcarce,06,063,6063,9.648
Balcarce,06,063,6063,17.944
Balcarce,06,063,6063,12.544
Balcarce,06,063,6063,6.027397260273973
Balcarce,06,063,6063,10.210378681626928
Balcarce,06,063,6063,21.430575035063114
Balcarce,06,063,6063,12.454417952314165
Balcarce,06,063,6063,10.995792426367462
Balcarce,06,063,6063,7.2
Balcarce,06,063,6063,8.6
Balcarce,06,063,6063,17.8
Balcarce,06,063,6063,16.3
Balcarce,06,063,6063,9.1
Balcarce,06,063,6063,8
Balcarce,06,063,6063,5.9
Balcarce,06,063,6063,6.9
Balcarce,06,063,6063,8.8
Balcarce,06,063,6063,8.1
Balcarce,06,063,6063,8.3
Balcarce,06,063,6063,6.2
Balcarce,06,063,6063,9.1
Balcarce,06,063,6063,6.8
Balcarce,06,063,6063,8
Balcarce,06,063,6063,7.5
Balcarce,06,063,6063,7
Balcarce,06,063,6063,5
Balcarce,06,063,6063,5.9
Balcarce,06,063,6063,6.4
Balcarce,06,063,6063,14.7
Balcarce,06,063,6063,17.9
Balcarce,06,063,6063,6.5
Balcarce,06,063,6063,5.4
Balcarce,06,063,6063,20.7
Balcarce,06,063,6063,17.9
Balcarce,06,063,6063,8
Balcarce,06,063,6063,19.8
Balcarce,06,063,6063,9.8
Balcarce,06,063,6063,13.1
Balcarce,06,063,6063,20.7
Balcarce,06,063,6063,11.2
Balcarce,06,063,6063,23.1
Balcarce,06,063,6063,21.5
Balcarce,06,063,6063,15.4
Balcarce,06,063,6063,31.5
Balcarce,06,063,6063,20.1
Balcarce,06,063,6063,15
Balcarce,06,063,6063,17.6
Balcarce,06,063,6063,8.8
Balcarce,06,063,6063,24.3
Balcarce,06,063,6063,11.7
Balcarce,06,063,6063,10.9
Balcarce,06,063,6063,6.7
Balcarce,06,063,6063,11.4
Balcarce,06,063,6063,7.3
Balcarce,06,063,6063,6.3
Balcarce,06,063,6063,4.1
Balcarce,06,063,6063,5
Balcarce,06,063,6063,3.5
Balcarce,06,063,6063,7.3
Benito Juarez,06,084,6084,5.68
Benito Juarez,06,084,6084,1.6
Benito Juarez,06,084,6084,2.4
Benito Juarez,06,084,6084,2.64
Benito Juarez,06,084,6084,31.072
Benito Juarez,06,084,6084,6.48
Benito Juarez,06,084,6084,6.032
Benito Juarez,06,084,6084,5.456
Benito Juarez,06,084,6084,14.76923076923077
Benito Juarez,06,084,6084,20.30769230769231
Benito Juarez,06,084,6084,20.4
Benito Juarez,06,084,6084,8.8
Benito Juarez,06,084,6084,17.9
Benito Juarez,06,084,6084,14.6
Benito Juarez,06,084,6084,14.1
Benito Juarez,06,084,6084,12.2
Benito Juarez,06,084,6084,12.4
Benito Juarez,06,084,6084,14.5
Benito Juarez,06,084,6084,12.6
Benito Juarez,06,084,6084,13.8
Benito Juarez,06,084,6084,11.8
Benito Juarez,06,084,6084,76.5
Benito Juarez,06,084,6084,15.7
Benito Juarez,06,084,6084,13.8
Benito Juarez,06,084,6084,12.8
Benito Juarez,06,084,6084,10.2
Benito Juarez,06,084,6084,9.8
Benito Juarez,06,084,6084,13.8
Benito Juarez,06,084,6084,7.2
Benito Juarez,06,084,6084,11.4
Benito Juarez,06,084,6084,11.2
Benito Juarez,06,084,6084,6.8
Benito Juarez,06,084,6084,16
Benito Juarez,06,084,6084,8.1
Benito Juarez,06,084,6084,10.4
Benito Juarez,06,084,6084,9.7
Benito Juarez,06,084,6084,12.2
Benito Juarez,06,084,6084,11.8
Benito Juarez,06,084,6084,8.6
Benito Juarez,06,084,6084,7.5
Benito Juarez,06,084,6084,6.3
Benito Juarez,06,084,6084,5.7
Benito Juarez,06,084,6084,12.8
Benito Juarez,06,084,6084,5.2
Benito Juarez,06,084,6084,16.3
Benito Juarez,06,084,6084,8.6
Benito Juarez,06,084,6084,12
Benito Juarez,06,084,6084,7
Benito Juarez,06,084,6084,12.6
Benito Juarez,06,084,6084,10.4
Benito Juarez,06,084,6084,8.9
Benito Juarez,06,084,6084,6.6
Benito Juarez,06,084,6084,7.9
Benito Juarez,06,084,6084,3.2
Benito Juarez,06,084,6084,5.2
Benito Juarez,06,084,6084,4.5
Benito Juarez,06,084,6084,5.9
Benito Juarez,06,084,6084,6.7
Benito Juarez,06,084,6084,9
Benito Juarez,06,084,6084,11.8
Benito Juarez,06,084,6084,6.9
Benito Juarez,06,084,6084,5.7
Benito Juarez,06,084,6084,8.6
Benito Juarez,06,084,6084,5.2
Benito Juarez,06,084,6084,4.5
Benito Juarez,06,084,6084,3.2
Benito Juarez,06,084,6084,5.6
Benito Juarez,06,084,6084,7.9
Benito Juarez,06,084,6084,31.072
Coronel Dorrego,06,189,6189,13.2
Coronel Dorrego,06,189,6189,9.3
Coronel Dorrego,06,189,6189,10.3
Coronel Dorrego,06,189,6189,8.7
Coronel Dorrego,06,189,6189,11.5
Coronel Dorrego,06,189,6189,7.7
Coronel Dorrego,06,189,6189,7.7
Coronel Dorrego,06,189,6189,8.9
Coronel Dorrego,06,189,6189,8.9
Coronel Dorrego,06,189,6189,10.6
Coronel Dorrego,06,189,6189,11.4
Coronel Dorrego,06,189,6189,9.6
Coronel Dorrego,06,189,6189,6.5
Coronel Dorrego,06,189,6189,7.8
Coronel Dorrego,06,189,6189,8.7
Coronel Dorrego,06,189,6189,13.3
Coronel Dorrego,06,189,6189,8.8
Coronel Dorrego,06,189,6189,9.6
Coronel Dorrego,06,189,6189,3.6
Coronel Dorrego,06,189,6189,14.8
Coronel Dorrego,06,189,6189,11.3
Coronel Dorrego,06,189,6189,10.6
Coronel Dorrego,06,189,6189,9.2
Coronel Dorrego,06,189,6189,9.2
Coronel Dorrego,06,189,6189,5.4
Coronel Dorrego,06,189,6189,9.6
Coronel Dorrego,06,189,6189,7.6
Coronel Dorrego,06,189,6189,6.6
Coronel Dorrego,06,189,6189,9.3
Coronel Dorrego,06,189,6189,8.4
Coronel Dorrego,06,189,6189,5.9
Coronel Dorrego,06,189,6189,5
Coronel Dorrego,06,189,6189,5.6
Coronel Dorrego,06,189,6189,13.1
Coronel Dorrego,06,189,6189,10.9
Coronel Dorrego,06,189,6189,9.1
Coronel Dorrego,06,189,6189,5.5
Coronel Dorrego,06,189,6189,22.8
Coronel Dorrego,06,189,6189,8.9
Coronel Dorrego,06,189,6189,12.6
Coronel Dorrego,06,189,6189,8
Coronel Dorrego,06,189,6189,14.5
Coronel Dorrego,06,189,6189,12.4
Coronel Dorrego,06,189,6189,9.3
Coronel Dorrego,06,189,6189,9.8
Coronel Dorrego,06,189,6189,8.6
Coronel Dorrego,06,189,6189,15.4
Coronel Dorrego,06,189,6189,4.5
Coronel Dorrego,06,189,6189,24.1
Coronel Dorrego,06,189,6189,51.6
Coronel Dorrego,06,189,6189,7.4
Coronel Dorrego,06,189,6189,7.6
Coronel Dorrego,06,189,6189,15.4
Coronel Dorrego,06,189,6189,19.7
Coronel Dorrego,06,189,6189,15.2
Coronel Dorrego,06,189,6189,14.6
Coronel Dorrego,06,189,6189,13.5
Coronel Dorrego,06,189,6189,18.3
Coronel Dorrego,06,189,6189,11.9
Coronel Dorrego,06,189,6189,5.4
Coronel Dorrego,06,189,6189,9.4
Coronel Dorrego,06,189,6189,7.9
Coronel Dorrego,06,189,6189,11
Coronel Dorrego,06,189,6189,11.9
Coronel Dorrego,06,189,6189,13.5
Coronel Dorrego,06,189,6189,11.8
Coronel Dorrego,06,189,6189,15.6
Coronel Dorrego,06,189,6189,22.9
Coronel Dorrego,06,189,6189,16.9
Coronel Dorrego,06,189,6189,71
Coronel Dorrego,06,189,6189,18.2
Coronel Dorrego,06,189,6189,37.4
Coronel Dorrego,06,189,6189,10.3
Coronel Dorrego,06,189,6189,29
Coronel Dorrego,06,189,6189,11.7
Coronel Dorrego,06,189,6189,10.1
Coronel Dorrego,06,189,6189,12.5
Coronel Dorrego,06,189,6189,22.4
Coronel Dorrego,06,189,6189,13.5
Coronel Dorrego,06,189,6189,11.4
Coronel Dorrego,06,189,6189,19.3
Coronel Dorrego,06,189,6189,6.4
Coronel Dorrego,06,189,6189,9.7
Coronel Dorrego,06,189,6189,5.6
Coronel Dorrego,06,189,6189,9.9
Coronel Dorrego,06,189,6189,7.4
Coronel Dorrego,06,189,6189,4.9
Coronel Dorrego,06,189,6189,13.5
Coronel Dorrego,06,189,6189,20.1
Coronel Dorrego,06,189,6189,13.3
Coronel Dorrego,06,189,6189,7.3
Coronel Dorrego,06,189,6189,3.7
Coronel Dorrego,06,189,6189,12.8
Coronel Dorrego,06,189,6189,18.1
Coronel Dorrego,06,189,6189,15.1
Coronel Dorrego,06,189,6189,15.3
Coronel Dorrego,06,189,6189,20.4
Coronel Dorrego,06,189,6189,17.2
Coronel Dorrego,06,189,6189,11.1
Coronel Dorrego,06,189,6189,6.2
Coronel Dorrego,06,189,6189,7.7
Coronel Dorrego,06,189,6189,6.6
Coronel Dorrego,06,189,6189,29.5
Coronel Dorrego,06,189,6189,19.6
Coronel Dorrego,06,189,6189,8.4
Coronel Dorrego,06,189,6189,10.1
Coronel Dorrego,06,189,6189,13.3
Coronel Dorrego,06,189,6189,11.1
Coronel Dorrego,06,189,6189,8.8
Coronel Dorrego,06,189,6189,12.4
Coronel Dorrego,06,189,6189,17
Coronel Dorrego,06,189,6189,14.7
Coronel Dorrego,06,189,6189,7.2517985611510785
Coronel Dorrego,06,189,6189,5.0647482014388485
Coronel Dorrego,06,189,6189,8.4
Coronel Dorrego,06,189,6189,10.1
Coronel Dorrego,06,189,6189,13.3
Coronel Dorrego,06,189,6189,11.1
Coronel Dorrego,06,189,6189,8.8
Coronel Pringles,06,196,6196,14.1
Coronel Pringles,06,196,6196,11.7
Coronel Pringles,06,196,6196,27
Coronel Pringles,06,196,6196,10.5
Coronel Pringles,06,196,6196,37.5
Coronel Pringles,06,196,6196,15.6
Coronel Pringles,06,196,6196,16.5
Coronel Pringles,06,196,6196,13.1
Coronel Pringles,06,196,6196,8
Coronel Pringles,06,196,6196,7.1
Coronel Pringles,06,196,6196,10.2
Coronel Pringles,06,196,6196,21
Coronel Pringles,06,196,6196,11.3
Coronel Pringles,06,196,6196,25.8
Coronel Pringles,06,196,6196,18.3
Coronel Pringles,06,196,6196,9.5
Coronel Pringles,06,196,6196,17.3
Coronel Pringles,06,196,6196,13.8
Coronel Pringles,06,196,6196,6.6
Coronel Pringles,06,196,6196,12
Coronel Pringles,06,196,6196,18.6
Coronel Pringles,06,196,6196,18.3
Coronel Pringles,06,196,6196,16.5
Coronel Pringles,06,196,6196,29.8
Coronel Pringles,06,196,6196,21.9
Coronel Pringles,06,196,6196,36.1
Coronel Pringles,06,196,6196,11.1
Coronel Pringles,06,196,6196,9
Coronel Pringles,06,196,6196,13.3
Coronel Pringles,06,196,6196,15.5
Coronel Pringles,06,196,6196,17.2
Coronel Pringles,06,196,6196,14.3
Coronel Pringles,06,196,6196,29.5
Coronel Pringles,06,196,6196,59.5
Coronel Pringles,06,196,6196,19.5
Coronel Pringles,06,196,6196,31.1
Coronel Pringles,06,196,6196,17.9
Coronel Pringles,06,196,6196,45.8
Coronel Pringles,06,196,6196,18.6
Coronel Pringles,06,196,6196,12.7
Coronel Pringles,06,196,6196,45
Coronel Pringles,06,196,6196,17.8
Coronel Pringles,06,196,6196,18
Coronel Pringles,06,196,6196,44.9
Coronel Pringles,06,196,6196,7.6
Coronel Pringles,06,196,6196,9.2
Coronel Pringles,06,196,6196,8.8
Coronel Pringles,06,196,6196,11.1
Coronel Pringles,06,196,6196,18.5
Coronel Pringles,06,196,6196,13.2
Coronel Pringles,06,196,6196,14.3
Coronel Pringles,06,196,6196,15.2
Coronel Pringles,06,196,6196,50.1
Coronel Pringles,06,196,6196,11.6
Coronel Pringles,06,196,6196,9.9
Coronel Pringles,06,196,6196,38.5
Coronel Pringles,06,196,6196,14.7
Coronel Pringles,06,196,6196,27
Coronel Pringles,06,196,6196,31.4
Coronel Pringles,06,196,6196,48.1
Coronel Pringles,06,196,6196,21.8
Coronel Pringles,06,196,6196,40.4
Coronel Pringles,06,196,6196,13.8
Coronel Pringles,06,196,6196,10.3
Coronel Pringles,06,196,6196,13.9
Coronel Pringles,06,196,6196,23.3
Coronel Pringles,06,196,6196,15.7
Coronel Pringles,06,196,6196,27.1
Coronel Pringles,06,196,6196,10
Coronel Pringles,06,196,6196,69
Coronel Pringles,06,196,6196,5.7
Coronel Pringles,06,196,6196,19.2
Coronel Pringles,06,196,6196,10.4
Coronel Pringles,06,196,6196,5.1
Coronel Pringles,06,196,6196,34.1
Coronel Pringles,06,196,6196,6.1
Coronel Pringles,06,196,6196,8.7
Coronel Pringles,06,196,6196,21.2
Coronel Pringles,06,196,6196,16.3
Coronel Pringles,06,196,6196,22.1
Coronel Pringles,06,196,6196,5.4
Coronel Pringles,06,196,6196,17.3
Coronel Pringles,06,196,6196,19
Coronel Pringles,06,196,6196,15
Coronel Pringles,06,196,6196,13.2
Coronel Pringles,06,196,6196,9.3
Coronel Pringles,06,196,6196,10
Coronel Pringles,06,196,6196,9.1
Coronel Pringles,06,196,6196,22.2
Coronel Pringles,06,196,6196,12.7
Coronel Pringles,06,196,6196,38.2
Coronel Pringles,06,196,6196,5.4
Coronel Pringles,06,196,6196,18
Coronel Pringles,06,196,6196,11.6
Coronel Pringles,06,196,6196,16.7
Coronel Pringles,06,196,6196,18.7
Coronel Pringles,06,196,6196,18.1
Coronel Pringles,06,196,6196,14.2
Coronel Pringles,06,196,6196,8.2
Coronel Pringles,06,196,6196,18.6
Coronel Pringles,06,196,6196,36.4
Coronel Pringles,06,196,6196,86.6
Coronel Pringles,06,196,6196,73.2
Coronel Pringles,06,196,6196,21.6
Coronel Pringles,06,196,6196,47.6
Coronel Pringles,06,196,6196,22.2
Coronel Pringles,06,196,6196,25.9
Coronel Pringles,06,196,6196,20.5
Coronel Pringles,06,196,6196,14.9
Coronel Pringles,06,196,6196,10.8
Coronel Pringles,06,196,6196,14.2
Coronel Pringles,06,196,6196,8.4
Coronel Pringles,06,196,6196,13.9
Coronel Pringles,06,196,6196,17.7
Coronel Pringles,06,196,6196,10.6
Coronel Pringles,06,196,6196,13.1
Coronel Pringles,06,196,6196,9.2
Coronel Pringles,06,196,6196,10.7
Coronel Pringles,06,196,6196,9.2
Coronel Pringles,06,196,6196,10.7
Coronel Pringles,06,196,6196,24.9
Coronel Pringles,06,196,6196,20.2
Coronel Pringles,06,196,6196,17.5
Coronel Pringles,06,196,6196,28.6
Coronel Pringles,06,196,6196,30.3
Coronel Pringles,06,196,6196,33.8
Coronel Pringles,06,196,6196,21.5
Coronel Pringles,06,196,6196,35.6
Coronel Pringles,06,196,6196,28.4
Coronel Pringles,06,196,6196,10.7
Coronel Pringles,06,196,6196,10.5
Coronel Pringles,06,196,6196,18.7
Coronel Pringles,06,196,6196,15.4
Coronel Pringles,06,196,6196,13
Coronel Pringles,06,196,6196,11.1
Coronel Pringles,06,196,6196,6.7
Coronel Pringles,06,196,6196,19.5
Coronel Pringles,06,196,6196,5.7
Coronel Pringles,06,196,6196,3.9
Coronel Pringles,06,196,6196,11.7
Coronel Pringles,06,196,6196,2.9
Coronel Pringles,06,196,6196,9.4
Coronel Pringles,06,196,6196,6
Coronel Pringles,06,196,6196,15.7
Coronel Pringles,06,196,6196,8.6
Coronel Pringles,06,196,6196,14.4
Coronel Pringles,06,196,6196,11.2
Coronel Pringles,06,196,6196,8.8
Coronel Pringles,06,196,6196,8.7
Coronel Pringles,06,196,6196,7.1
Coronel Pringles,06,196,6196,13.5
Coronel Pringles,06,196,6196,20.8
Coronel Pringles,06,196,6196,10.4
Coronel Pringles,06,196,6196,16.8
Coronel Pringles,06,196,6196,19.2
Coronel Pringles,06,196,6196,29.4
Coronel Pringles,06,196,6196,35.4
Coronel Pringles,06,196,6196,9.9
Coronel Pringles,06,196,6196,6.1
Coronel Pringles,06,196,6196,9.1
Coronel Pringles,06,196,6196,9
Coronel Pringles,06,196,6196,14.2
Coronel Pringles,06,196,6196,12
Coronel Pringles,06,196,6196,14.8
Coronel Pringles,06,196,6196,7.5
Coronel Pringles,06,196,6196,9.9
Coronel Pringles,06,196,6196,17.2
Coronel Pringles,06,196,6196,11.4
Coronel Pringles,06,196,6196,23.9
Coronel Pringles,06,196,6196,14.5
Coronel Pringles,06,196,6196,17.7
Adolfo Gonzales Chaves,06,014,6014,22.4
Adolfo Gonzales Chaves,06,014,6014,12.1
Adolfo Gonzales Chaves,06,014,6014,30.8
Adolfo Gonzales Chaves,06,014,6014,24.3
Adolfo Gonzales Chaves,06,014,6014,11.2
Adolfo Gonzales Chaves,06,014,6014,11.2
Adolfo Gonzales Chaves,06,014,6014,26
Adolfo Gonzales Chaves,06,014,6014,16.5
Adolfo Gonzales Chaves,06,014,6014,37.8
Adolfo Gonzales Chaves,06,014,6014,2
General Alvarado,06,280,6280,8.5
General Alvarado,06,280,6280,10.2
General Alvarado,06,280,6280,9.3
General Alvarado,06,280,6280,6.9
General Alvarado,06,280,6280,24
General Alvarado,06,280,6280,26
General Alvarado,06,280,6280,12.8
General Alvarado,06,280,6280,7.320261437908497
General Alvarado,06,280,6280,10.771241830065359
General Alvarado,06,280,6280,8
General Alvarado,06,280,6280,38.896
General Alvarado,06,280,6280,47.84
General Alvarado,06,280,6280,49.904
General Alvarado,06,280,6280,8.056
General Alvarado,06,280,6280,12.064
General Alvarado,06,280,6280,11.016
General Alvarado,06,280,6280,15.216
General Alvarado,06,280,6280,18.36
General Alvarado,06,280,6280,17.184
General Alvarado,06,280,6280,15.344
General Alvarado,06,280,6280,20.856
General Alvarado,06,280,6280,23.08
General Alvarado,06,280,6280,24.392
General Alvarado,06,280,6280,23.472
General Alvarado,06,280,6280,42.36
General Alvarado,06,280,6280,23.344
General Alvarado,06,280,6280,10.488
General Alvarado,06,280,6280,12.456
General Alvarado,06,280,6280,27.544
General Alvarado,06,280,6280,9.392
General Alvarado,06,280,6280,14.44
General Alvarado,06,280,6280,12.152
General Alvarado,06,280,6280,35.664
General Alvarado,06,280,6280,17.192
General Alvarado,06,280,6280,19.256
General Alvarado,06,280,6280,50.912
General Alvarado,06,280,6280,50.1141924959217
General Alvarado,06,280,6280,28.76901798063624
General Alvarado,06,280,6280,6.628571428571427
General Alvarado,06,280,6280,12.228571428571428
General Alvarado,06,280,6280,8.228571428571428
General Alvarado,06,280,6280,12.457142857142856
General Alvarado,06,280,6280,10.742857142857142
General Alvarado,06,280,6280,9.942857142857141
General Alvarado,06,280,6280,9.142857142857142
General Alvarado,06,280,6280,35.333333333333336
General Alvarado,06,280,6280,25.208
General Alvarado,06,280,6280,50.90909090909091
General Alvarado,06,280,6280,12.712
General Alvarado,06,280,6280,1.568
General La Madrid,06,322,6322,24.2
General La Madrid,06,322,6322,18.2
General La Madrid,06,322,6322,11
General La Madrid,06,322,6322,11.16
General La Madrid,06,322,6322,6.736
General La Madrid,06,322,6322,28.896
General La Madrid,06,322,6322,4.616
General La Madrid,06,322,6322,13
General La Madrid,06,322,6322,13
General La Madrid,06,322,6322,20.9
General La Madrid,06,322,6322,22
General La Madrid,06,322,6322,13
General La Madrid,06,322,6322,17.8
General La Madrid,06,322,6322,18.4
General La Madrid,06,322,6322,15.3
General La Madrid,06,322,6322,17.1
General La Madrid,06,322,6322,23.5
General La Madrid,06,322,6322,16
General La Madrid,06,322,6322,11.2
General La Madrid,06,322,6322,22.3
General La Madrid,06,322,6322,16.7
General La Madrid,06,322,6322,23.4
General La Madrid,06,322,6322,15.2
General La Madrid,06,322,6322,10.7
General La Madrid,06,322,6322,25.2
General La Madrid,06,322,6322,32.5
General La Madrid,06,322,6322,22.1
General La Madrid,06,322,6322,9.1
General La Madrid,06,322,6322,5.12
General La Madrid,06,322,6322,4.72
General La Madrid,06,322,6322,7.2
General La Madrid,06,322,6322,27.44
General La Madrid,06,322,6322,2.56
General La Madrid,06,322,6322,3.632
General La Madrid,06,322,6322,6.52
General La Madrid,06,322,6322,7.8
General La Madrid,06,322,6322,1.327
General La Madrid,06,322,6322,2.161
General La Madrid,06,322,6322,14.072
General La Madrid,06,322,6322,12.552
General La Madrid,06,322,6322,19.08
General La Madrid,06,322,6322,7.36
General La Madrid,06,322,6322,5.128
General La Madrid,06,322,6322,10.92
General La Madrid,06,322,6322,6.048
General La Madrid,06,322,6322,9.728
General La Madrid,06,322,6322,13.136
General La Madrid,06,322,6322,7.016
General La Madrid,06,322,6322,9.136
General La Madrid,06,322,6322,9.96
General La Madrid,06,322,6322,10.552
General La Madrid,06,322,6322,13.376
General La Madrid,06,322,6322,8.432
General La Madrid,06,322,6322,11.016
General La Madrid,06,322,6322,9.136
General La Madrid,06,322,6322,17.256
General La Madrid,06,322,6322,9.256
General La Madrid,06,322,6322,12.312
General La Madrid,06,322,6322,10.08
General La Madrid,06,322,6322,3.775811209439528
General La Madrid,06,322,6322,2.744
General La Madrid,06,322,6322,3.744
General La Madrid,06,322,6322,6.312
General La Madrid,06,322,6322,3.067846607669616
General La Madrid,06,322,6322,5.1917404129793505
General La Madrid,06,322,6322,20.884955752212388
General La Madrid,06,322,6322,9.838945827232795
General La Madrid,06,322,6322,9.956076134699853
General La Madrid,06,322,6322,7.027818448023426
General La Madrid,06,322,6322,7.027818448023426
General La Madrid,06,322,6322,4.802342606149341
General La Madrid,06,322,6322,32.32
General La Madrid,06,322,6322,28.96
General La Madrid,06,322,6322,30.72
General La Madrid,06,322,6322,35.04
General La Madrid,06,322,6322,25.68
General La Madrid,06,322,6322,20.32
General La Madrid,06,322,6322,43.04
General La Madrid,06,322,6322,13.04
General La Madrid,06,322,6322,13.92
General La Madrid,06,322,6322,36.64
General La Madrid,06,322,6322,10.024
General La Madrid,06,322,6322,8.616
General La Madrid,06,322,6322,12.328
General La Madrid,06,322,6322,6.153846153846153
General La Madrid,06,322,6322,7.737226277372263
General La Madrid,06,322,6322,5.10948905109489
General La Madrid,06,322,6322,40.143369175627235
General La Madrid,06,322,6322,25.806451612903224
General La Madrid,06,322,6322,22.795698924731184
General La Madrid,06,322,6322,40
General La Madrid,06,322,6322,55.340501792114694
General La Madrid,06,322,6322,25.949820788530463
General La Madrid,06,322,6322,9.892473118279568
General La Madrid,06,322,6322,11.16
General La Madrid,06,322,6322,6.736
General La Madrid,06,322,6322,18.84
General La Madrid,06,322,6322,11.392
General La Madrid,06,322,6322,31.64
General La Madrid,06,322,6322,36.176
General La Madrid,06,322,6322,15.424460431654676
General La Madrid,06,322,6322,20.028776978417262
General La Madrid,06,322,6322,17.49640287769784
General La Madrid,06,322,6322,11.971223021582732
General La Madrid,06,322,6322,14.733812949640287
General La Madrid,06,322,6322,5.985611510791367
General La Madrid,06,322,6322,15.53956834532374
General La Madrid,06,322,6322,27.280575539568343
General La Madrid,06,322,6322,5.525179856115107
General La Madrid,06,322,6322,49.49640287769784
General La Madrid,06,322,6322,37.75539568345324
General La Madrid,06,322,6322,13.007194244604316
General La Madrid,06,322,6322,18.84
General La Madrid,06,322,6322,11.392
General La Madrid,06,322,6322,31.64
General La Madrid,06,322,6322,36.176
General Pueyrredon,06,357,6357,34.624
General Pueyrredon,06,357,6357,26.072
General Pueyrredon,06,357,6357,8
General Pueyrredon,06,357,6357,4.264
General Pueyrredon,06,357,6357,5.128
General Pueyrredon,06,357,6357,14.112
General Pueyrredon,06,357,6357,35.28
General Pueyrredon,06,357,6357,24.464
General Pueyrredon,06,357,6357,13.408
General Pueyrredon,06,357,6357,15.136
General Pueyrredon,06,357,6357,6.736
General Pueyrredon,06,357,6357,7.192
General Pueyrredon,06,357,6357,22.848
General Pueyrredon,06,357,6357,23.08
General Pueyrredon,06,357,6357,16.864
General Pueyrredon,06,357,6357,6.504
General Pueyrredon,06,357,6357,12.488
General Pueyrredon,06,357,6357,8.92
General Pueyrredon,06,357,6357,5.928
General Pueyrredon,06,357,6357,13.752
General Pueyrredon,06,357,6357,54.32
General Pueyrredon,06,357,6357,58.416
General Pueyrredon,06,357,6357,46.784
General Pueyrredon,06,357,6357,6.008
General Pueyrredon,06,357,6357,7.392
General Pueyrredon,06,357,6357,9.952
General Pueyrredon,06,357,6357,27.872
General Pueyrredon,06,357,6357,9.848
General Pueyrredon,06,357,6357,32.352
General Pueyrredon,06,357,6357,35.232
General Pueyrredon,06,357,6357,36.512
General Pueyrredon,06,357,6357,10.704
General Pueyrredon,06,357,6357,19.272
General Pueyrredon,06,357,6357,16.704
General Pueyrredon,06,357,6357,17.12
General Pueyrredon,06,357,6357,6.912
General Pueyrredon,06,357,6357,6.336
General Pueyrredon,06,357,6357,23.2
General Pueyrredon,06,357,6357,14.712
General Pueyrredon,06,357,6357,46.936
General Pueyrredon,06,357,6357,51.296
General Pueyrredon,06,357,6357,17.872
General Pueyrredon,06,357,6357,23.272
General Pueyrredon,06,357,6357,19.016
General Pueyrredon,06,357,6357,9.183955739972337
General Pueyrredon,06,357,6357,13.703099510603588
General Pueyrredon,06,357,6357,10.843706777316736
General Pueyrredon,06,357,6357,8.962655601659751
General Pueyrredon,06,357,6357,21.61832061068702
General Pueyrredon,06,357,6357,20.164383561643838
General Pueyrredon,06,357,6357,7.602836879432625
General Pueyrredon,06,357,6357,12.482269503546101
General Pueyrredon,06,357,6357,7.405329593267882
General Pueyrredon,06,357,6357,4.488078541374474
General Pueyrredon,06,357,6357,4.26367461430575
General Pueyrredon,06,357,6357,10.210378681626928
General Pueyrredon,06,357,6357,7.180925666199158
General Pueyrredon,06,357,6357,2.6928471248246844
General Pueyrredon,06,357,6357,4.375876577840112
General Pueyrredon,06,357,6357,8.648
General Pueyrredon,06,357,6357,15.192
General Pueyrredon,06,357,6357,8.104
General Pueyrredon,06,357,6357,23.58008075370121
General Pueyrredon,06,357,6357,29.286675639300135
General Pueyrredon,06,357,6357,17.442799461641993
General Pueyrredon,06,357,6357,39.40780619111709
General Pueyrredon,06,357,6357,17.768
General Pueyrredon,06,357,6357,4.32
General Pueyrredon,06,357,6357,3.784
General Pueyrredon,06,357,6357,15.84
General Pueyrredon,06,357,6357,5.072
General Pueyrredon,06,357,6357,4.752
General Pueyrredon,06,357,6357,31.896
General Pueyrredon,06,357,6357,15.272
General Pueyrredon,06,357,6357,5.496
General Pueyrredon,06,357,6357,13.176
General Pueyrredon,06,357,6357,7.24
General Pueyrredon,06,357,6357,8.952
General Pueyrredon,06,357,6357,8.832
General Pueyrredon,06,357,6357,4.648
General Pueyrredon,06,357,6357,13.488
General Pueyrredon,06,357,6357,7.44
General Pueyrredon,06,357,6357,7.44
General Pueyrredon,06,357,6357,4.296
General Pueyrredon,06,357,6357,15.816
General Pueyrredon,06,357,6357,14.184
General Pueyrredon,06,357,6357,6.624
General Pueyrredon,06,357,6357,40.016
General Pueyrredon,06,357,6357,7.647058823529411
General Pueyrredon,06,357,6357,8
General Pueyrredon,06,357,6357,3.8823529411764706
General Pueyrredon,06,357,6357,8.823529411764705
Laprida,06,448,6448,12.352
Laprida,06,448,6448,15.616
Laprida,06,448,6448,14.856
Laprida,06,448,6448,13.984
Laprida,06,448,6448,12.064
Laprida,06,448,6448,9.928
Laprida,06,448,6448,15.768
Laprida,06,448,6448,20.368
Laprida,06,448,6448,24.52
Laprida,06,448,6448,22.728
Laprida,06,448,6448,25.536
Laprida,06,448,6448,12.96
Laprida,06,448,6448,13.072
Laprida,06,448,6448,8.352
Laprida,06,448,6448,10.152
Laprida,06,448,6448,23.512
Laprida,06,448,6448,69.488
Laprida,06,448,6448,22.08
Laprida,06,448,6448,22.528
Laprida,06,448,6448,24.68
Laprida,06,448,6448,21.968
Laprida,06,448,6448,32.48
Laprida,06,448,6448,13.368
Laprida,06,448,6448,12.777777777777779
Laprida,06,448,6448,9.222222222222223
Laprida,06,448,6448,45.77777777777778
Laprida,06,448,6448,16.5
Laprida,06,448,6448,21.3
Laprida,06,448,6448,13.2
Laprida,06,448,6448,14.6
Laprida,06,448,6448,14.3
Laprida,06,448,6448,20
Laprida,06,448,6448,18.7
Laprida,06,448,6448,11.8
Laprida,06,448,6448,11.3
Laprida,06,448,6448,23.1
Laprida,06,448,6448,11.3
Laprida,06,448,6448,11.5
Laprida,06,448,6448,10.7
Laprida,06,448,6448,16.5
Laprida,06,448,6448,11.4
Laprida,06,448,6448,25.8
Laprida,06,448,6448,17.627118644067796
Laprida,06,448,6448,5.536723163841808
Loberia,06,476,6476,12.230014025245442
Loberia,06,476,6476,9.873772791023843
Loberia,06,476,6476,12.230014025245442
Loberia,06,476,6476,13.76
Loberia,06,476,6476,46.56
Loberia,06,476,6476,13.92
Loberia,06,476,6476,8.376
Loberia,06,476,6476,12.816
Loberia,06,476,6476,9.304
Loberia,06,476,6476,8.176
Loberia,06,476,6476,11.272
Loberia,06,476,6476,7.76
Loberia,06,476,6476,16.736
Loberia,06,476,6476,10.336
Loberia,06,476,6476,17.872
Loberia,06,476,6476,22.16
Loberia,06,476,6476,10.928
Loberia,06,476,6476,9.344
Loberia,06,476,6476,5.104
Loberia,06,476,6476,6.696
Loberia,06,476,6476,5.632
Loberia,06,476,6476,4.68
Loberia,06,476,6476,17.84
Loberia,06,476,6476,11.2
Loberia,06,476,6476,7.512
Loberia,06,476,6476,7.088
Loberia,06,476,6476,15.088
Loberia,06,476,6476,18.456
Loberia,06,476,6476,16.144
Loberia,06,476,6476,8.248
Loberia,06,476,6476,9.4
Loberia,06,476,6476,8.56
Loberia,06,476,6476,10.768
Loberia,06,476,6476,16.144
Loberia,06,476,6476,18.28
Loberia,06,476,6476,19.656
Loberia,06,476,6476,37.88
Loberia,06,476,6476,78.944
Loberia,06,476,6476,5.783132530120483
Loberia,06,476,6476,5.370051635111876
Loberia,06,476,6476,6.333907056798623
Loberia,06,476,6476,1.7900172117039586
Loberia,06,476,6476,1.6523235800344238
Loberia,06,476,6476,3.8554216867469884
Loberia,06,476,6476,2.7538726333907064
Loberia,06,476,6476,1.6523235800344238
Loberia,06,476,6476,3.3046471600688467
Loberia,06,476,6476,5.370051635111876
Loberia,06,476,6476,5.920826161790018
Loberia,06,476,6476,2.7538726333907064
Loberia,06,476,6476,10.051635111876076
Loberia,06,476,6476,5.76
Loberia,06,476,6476,10.48
Loberia,06,476,6476,9.44
Loberia,06,476,6476,4.8
Loberia,06,476,6476,121.6
Loberia,06,476,6476,19.2
Loberia,06,476,6476,4.48
Loberia,06,476,6476,15.04
Loberia,06,476,6476,7.12
Loberia,06,476,6476,10.16
Loberia,06,476,6476,2.48
Loberia,06,476,6476,3.2
Loberia,06,476,6476,3.2
Loberia,06,476,6476,11.44
Loberia,06,476,6476,3.92
Loberia,06,476,6476,6.48
Loberia,06,476,6476,8.16
Loberia,06,476,6476,7.76
Loberia,06,476,6476,9.12
Loberia,06,476,6476,9.12
Loberia,06,476,6476,12
Loberia,06,476,6476,5.36
Loberia,06,476,6476,5.52
Loberia,06,476,6476,6.8
Loberia,06,476,6476,8.96
Loberia,06,476,6476,8.304
Loberia,06,476,6476,18
Loberia,06,476,6476,10.888
Loberia,06,476,6476,9.136
Loberia,06,476,6476,3.8
Loberia,06,476,6476,4.592
Loberia,06,476,6476,3.568
Loberia,06,476,6476,8.096
Loberia,06,476,6476,17.576
Loberia,06,476,6476,14.888
Loberia,06,476,6476,25.76
Loberia,06,476,6476,23.272
Loberia,06,476,6476,13.544
Loberia,06,476,6476,16.752
Loberia,06,476,6476,16.44
Loberia,06,476,6476,15.512
Loberia,06,476,6476,11.864
Loberia,06,476,6476,7.28
Loberia,06,476,6476,11.2
Loberia,06,476,6476,10.936
Loberia,06,476,6476,8.88
Loberia,06,476,6476,10.288
Loberia,06,476,6476,10.08
Loberia,06,476,6476,12.032
Loberia,06,476,6476,18.016
Loberia,06,476,6476,8
Loberia,06,476,6476,6.696
Loberia,06,476,6476,10.08
Loberia,06,476,6476,8.128
Loberia,06,476,6476,8.392
Loberia,06,476,6476,5.4
Loberia,06,476,6476,6.568
Loberia,06,476,6476,11.64
Loberia,06,476,6476,3.288
Loberia,06,476,6476,4.88
Loberia,06,476,6476,10.808
Loberia,06,476,6476,9.216
Loberia,06,476,6476,23.024
Loberia,06,476,6476,18.512
Loberia,06,476,6476,9.88
Loberia,06,476,6476,11.208
Loberia,06,476,6476,6.696
Loberia,06,476,6476,17.32
Loberia,06,476,6476,10.944
Loberia,06,476,6476,19.84
Loberia,06,476,6476,10.144
Loberia,06,476,6476,20.504
Loberia,06,476,6476,9.48
Loberia,06,476,6476,17.304
Loberia,06,476,6476,20.576
Loberia,06,476,6476,12.168
Loberia,06,476,6476,8.896
Loberia,06,476,6476,57.52
Loberia,06,476,6476,26.696
Loberia,06,476,6476,30.576
Loberia,06,476,6476,17.216
Loberia,06,476,6476,31.976
Loberia,06,476,6476,18.4
Loberia,06,476,6476,19.152
Loberia,06,476,6476,22.92
Loberia,06,476,6476,17.424
Loberia,06,476,6476,20.016
Loberia,06,476,6476,13.376
Loberia,06,476,6476,11.136
Loberia,06,476,6476,13.608
Loberia,06,476,6476,15.84
Loberia,06,476,6476,17.36
Loberia,06,476,6476,10.112
Loberia,06,476,6476,16.56
Loberia,06,476,6476,9.736
Loberia,06,476,6476,11.808
Loberia,06,476,6476,11.344
Loberia,06,476,6476,11
Loberia,06,476,6476,11.96
Loberia,06,476,6476,35.928
Loberia,06,476,6476,13.856
Loberia,06,476,6476,12.96
Loberia,06,476,6476,12.168
Loberia,06,476,6476,10.928
Loberia,06,476,6476,5.632
Loberia,06,476,6476,21.992
Loberia,06,476,6476,10.616
Loberia,06,476,6476,6.208
Loberia,06,476,6476,9
Loberia,06,476,6476,6.104
Loberia,06,476,6476,9.216
Loberia,06,476,6476,18.24
Loberia,06,476,6476,8.76
Loberia,06,476,6476,8.208
Loberia,06,476,6476,5.864
Loberia,06,476,6476,11.824817518248175
Loberia,06,476,6476,40.66666666666667
Loberia,06,476,6476,17.222222222222225
Loberia,06,476,6476,62.888888888888886
Loberia,06,476,6476,7.777777777777778
Loberia,06,476,6476,13.88888888888889
Loberia,06,476,6476,14
Loberia,06,476,6476,13
Loberia,06,476,6476,6.888888888888889
Loberia,06,476,6476,6.777777777777779
Loberia,06,476,6476,8.11111111111111
Loberia,06,476,6476,10.88888888888889
Loberia,06,476,6476,17.88888888888889
Loberia,06,476,6476,12.777777777777779
Loberia,06,476,6476,12.222222222222223
Loberia,06,476,6476,9.555555555555555
Loberia,06,476,6476,15
Loberia,06,476,6476,14.65648854961832
Loberia,06,476,6476,7.206106870229007
Loberia,06,476,6476,10.06993006993007
Loberia,06,476,6476,4.699300699300699
Loberia,06,476,6476,10.741258741258742
Loberia,06,476,6476,5.1468531468531475
Loberia,06,476,6476,7.619047619047619
Loberia,06,476,6476,10.780141843971633
Loberia,06,476,6476,17.134751773049647
Loberia,06,476,6476,14.070921985815604
Loberia,06,476,6476,17.815602836879435
Loberia,06,476,6476,15.43262411347518
Loberia,06,476,6476,5.2
Loberia,06,476,6476,7
Loberia,06,476,6476,6.5
Loberia,06,476,6476,13.4
Loberia,06,476,6476,7.7
Loberia,06,476,6476,8.1
Loberia,06,476,6476,9
Loberia,06,476,6476,7.2
Loberia,06,476,6476,8.4
Loberia,06,476,6476,12
Loberia,06,476,6476,11.3
Loberia,06,476,6476,6.6
Loberia,06,476,6476,11.3
Loberia,06,476,6476,8.6
Loberia,06,476,6476,8.6
Loberia,06,476,6476,6.9
Loberia,06,476,6476,9.9
Loberia,06,476,6476,6.1
Loberia,06,476,6476,11.6
Loberia,06,476,6476,7.2
Loberia,06,476,6476,6.8
Loberia,06,476,6476,4.519774011299434
Loberia,06,476,6476,4.519774011299434
Loberia,06,476,6476,4.971751412429378
Loberia,06,476,6476,6.904
Loberia,06,476,6476,2.048
Loberia,06,476,6476,7.4
Loberia,06,476,6476,3.784
Loberia,06,476,6476,6.648
Loberia,06,476,6476,2.416
Loberia,06,476,6476,6.528
Loberia,06,476,6476,8.059259259259258
Loberia,06,476,6476,9.481481481481481
Loberia,06,476,6476,11.377777777777776
Loberia,06,476,6476,5.925925925925926
Loberia,06,476,6476,9.362962962962962
Loberia,06,476,6476,13.866666666666665
Loberia,06,476,6476,8.368
Loberia,06,476,6476,10.112
Loberia,06,476,6476,4.416
Loberia,06,476,6476,6.16
Loberia,06,476,6476,13.72
Loberia,06,476,6476,8.832
Loberia,06,476,6476,9.064
Loberia,06,476,6476,6.632
Loberia,06,476,6476,11.032
Loberia,06,476,6476,10.08
Loberia,06,476,6476,23.64
Loberia,06,476,6476,9.128
Loberia,06,476,6476,9.728
Loberia,06,476,6476,31.76
Loberia,06,476,6476,5.608
Loberia,06,476,6476,8.136
Loberia,06,476,6476,19.944
Loberia,06,476,6476,6.528
Loberia,06,476,6476,6.984
Loberia,06,476,6476,5.4
Loberia,06,476,6476,4.1
Loberia,06,476,6476,9
Loberia,06,476,6476,6.3
Loberia,06,476,6476,8.7
Loberia,06,476,6476,6.3
Loberia,06,476,6476,7.6
Loberia,06,476,6476,11.1
Loberia,06,476,6476,6.3
Loberia,06,476,6476,6
Loberia,06,476,6476,4
Loberia,06,476,6476,7.8
Loberia,06,476,6476,11.1
Loberia,06,476,6476,12.9
Loberia,06,476,6476,20.2
Loberia,06,476,6476,8.4
Loberia,06,476,6476,9
Loberia,06,476,6476,10.1
Loberia,06,476,6476,10.2
Loberia,06,476,6476,8.9
Loberia,06,476,6476,8.9
Loberia,06,476,6476,7.5
Loberia,06,476,6476,4.9
Loberia,06,476,6476,7.2
Loberia,06,476,6476,8
Loberia,06,476,6476,5.8
Loberia,06,476,6476,7.7
Loberia,06,476,6476,5.8
Loberia,06,476,6476,6.4
Loberia,06,476,6476,7.3
Loberia,06,476,6476,4.3
Loberia,06,476,6476,6.2
Loberia,06,476,6476,15.3
Loberia,06,476,6476,9.6
Loberia,06,476,6476,11.3
Loberia,06,476,6476,7.8
Loberia,06,476,6476,13.2
Loberia,06,476,6476,8.2
Loberia,06,476,6476,11.7
Loberia,06,476,6476,7.9
Loberia,06,476,6476,21
Loberia,06,476,6476,10.6
Loberia,06,476,6476,15
Loberia,06,476,6476,8.4
Loberia,06,476,6476,23.3
Loberia,06,476,6476,6.3
Loberia,06,476,6476,7.8
Loberia,06,476,6476,12.4
Loberia,06,476,6476,7.6
Loberia,06,476,6476,7.1
Loberia,06,476,6476,26.8
Loberia,06,476,6476,19.2
Loberia,06,476,6476,12.1
Necochea,06,581,6581,9.352
Necochea,06,581,6581,15.896
Necochea,06,581,6581,21.296
Necochea,06,581,6581,14.96
Necochea,06,581,6581,18.392
Necochea,06,581,6581,8.83916083916084
Necochea,06,581,6581,9.846153846153847
Necochea,06,581,6581,8.055944055944057
Necochea,06,581,6581,6.9370629370629375
Necochea,06,581,6581,9.622377622377622
Necochea,06,581,6581,6.224
Necochea,06,581,6581,9.312
Necochea,06,581,6581,9.848
Necochea,06,581,6581,7.928
Necochea,06,581,6581,4.4
Necochea,06,581,6581,6.88
Necochea,06,581,6581,5.36
Necochea,06,581,6581,26.08
Necochea,06,581,6581,8.48
Necochea,06,581,6581,28.2
Necochea,06,581,6581,12.096
Necochea,06,581,6581,14.16
Necochea,06,581,6581,8.376
Necochea,06,581,6581,10.44
Necochea,06,581,6581,11.888
Necochea,06,581,6581,24.272
Necochea,06,581,6581,23.136
Necochea,06,581,6581,13.744
Necochea,06,581,6581,10.752
Necochea,06,581,6581,7.24
Necochea,06,581,6581,17.464
Necochea,06,581,6581,12.408
Necochea,06,581,6581,7.912
Necochea,06,581,6581,12.832
Necochea,06,581,6581,6.944
Necochea,06,581,6581,6.088
Necochea,06,581,6581,5.448
Necochea,06,581,6581,16.888
Necochea,06,581,6581,11.448
Necochea,06,581,6581,17.528
Necochea,06,581,6581,7.392
Necochea,06,581,6581,17.744
Necochea,06,581,6581,18.808
Necochea,06,581,6581,15.392
Necochea,06,581,6581,14.752
Necochea,06,581,6581,17.424
Necochea,06,581,6581,19.024
Necochea,06,581,6581,11.984
Necochea,06,581,6581,17.28
Necochea,06,581,6581,7.984
Necochea,06,581,6581,4.952
Necochea,06,581,6581,7.624
Necochea,06,581,6581,5.128
Necochea,06,581,6581,9.576
Necochea,06,581,6581,8.816
Necochea,06,581,6581,8.376
Necochea,06,581,6581,3.064
Necochea,06,581,6581,2.416
Necochea,06,581,6581,3.064
Necochea,06,581,6581,2.632
Necochea,06,581,6581,4.8
Necochea,06,581,6581,15.216
Necochea,06,581,6581,9.464
Necochea,06,581,6581,12.72
Necochea,06,581,6581,10.336
Necochea,06,581,6581,6.752
Necochea,06,581,6581,15.976
Necochea,06,581,6581,23.888
Necochea,06,581,6581,1.608
Necochea,06,581,6581,2.176
Necochea,06,581,6581,8.736
Necochea,06,581,6581,29.96
Necochea,06,581,6581,18.328
Necochea,06,581,6581,15.096
Necochea,06,581,6581,3.28
Necochea,06,581,6581,17.824
Necochea,06,581,6581,8.88
Necochea,06,581,6581,28.704
Necochea,06,581,6581,14.592
Necochea,06,581,6581,12.224
Necochea,06,581,6581,15.096
Necochea,06,581,6581,15.328
Necochea,06,581,6581,18.44
Necochea,06,581,6581,29.144
Necochea,06,581,6581,15.632
Necochea,06,581,6581,8.088
Necochea,06,581,6581,11
Necochea,06,581,6581,23.28
Necochea,06,581,6581,12.72
Necochea,06,581,6581,11.864
Necochea,06,581,6581,11.216
Necochea,06,581,6581,9.384
Necochea,06,581,6581,7.656
Necochea,06,581,6581,8.416
Necochea,06,581,6581,6.8
Necochea,06,581,6581,11.648
Necochea,06,581,6581,5.608
Necochea,06,581,6581,12.4
Necochea,06,581,6581,19.944
Necochea,06,581,6581,9.056
Necochea,06,581,6581,9.92
Necochea,06,581,6581,12.08
Necochea,06,581,6581,8.2
Necochea,06,581,6581,8.736
Necochea,06,581,6581,11
Necochea,06,581,6581,9.816
Necochea,06,581,6581,11.448
Necochea,06,581,6581,6.472
Necochea,06,581,6581,9.68
Necochea,06,581,6581,9.344
Necochea,06,581,6581,14.128
Necochea,06,581,6581,2.543
Necochea,06,581,6581,11.496
Necochea,06,581,6581,13.072
Necochea,06,581,6581,15.44
Necochea,06,581,6581,21.856
Necochea,06,581,6581,9.912
Necochea,06,581,6581,8.224
Necochea,06,581,6581,17.72
Necochea,06,581,6581,18.184
Necochea,06,581,6581,18.992
Necochea,06,581,6581,17.952
Necochea,06,581,6581,20.84
Necochea,06,581,6581,10.904
Necochea,06,581,6581,11.6
Necochea,06,581,6581,13.216
Necochea,06,581,6581,11.6
Necochea,06,581,6581,11.944
Necochea,06,581,6581,8.944
Necochea,06,581,6581,19.528
Necochea,06,581,6581,6.64
Necochea,06,581,6581,11.904
Necochea,06,581,6581,10.08
Necochea,06,581,6581,10.08
Necochea,06,581,6581,8.68
Necochea,06,581,6581,11.04
Necochea,06,581,6581,8.576
Necochea,06,581,6581,9.112
Necochea,06,581,6581,9.112
Necochea,06,581,6581,14.368
Necochea,06,581,6581,10.832
Necochea,06,581,6581,23.136
Necochea,06,581,6581,24.432
Necochea,06,581,6581,24.04
Necochea,06,581,6581,15.624
Necochea,06,581,6581,13.68
Necochea,06,581,6581,12.64
Necochea,06,581,6581,19.376
Necochea,06,581,6581,9.016
Necochea,06,581,6581,9.536
Necochea,06,581,6581,8.496
Necochea,06,581,6581,9.92
Necochea,06,581,6581,20.432
Necochea,06,581,6581,9
Necochea,06,581,6581,11.712
Necochea,06,581,6581,16.208
Necochea,06,581,6581,36.512
Necochea,06,581,6581,16.576
Necochea,06,581,6581,19.28
Necochea,06,581,6581,13.008
Necochea,06,581,6581,17.808
Necochea,06,581,6581,11.2
Necochea,06,581,6581,15.912
Necochea,06,581,6581,7.16
Necochea,06,581,6581,8.952
Necochea,06,581,6581,9.744
Necochea,06,581,6581,8.392
Necochea,06,581,6581,6.712
Necochea,06,581,6581,7.496
Necochea,06,581,6581,11.92
Necochea,06,581,6581,11.048
Necochea,06,581,6581,11.264
Necochea,06,581,6581,10.392
Necochea,06,581,6581,8.432
Necochea,06,581,6581,8.863955119214586
Necochea,06,581,6581,13.2
Necochea,06,581,6581,15.816
Necochea,06,581,6581,14.904
Necochea,06,581,6581,19.472
Necochea,06,581,6581,14.64
Necochea,06,581,6581,8.192
Necochea,06,581,6581,8.416
Necochea,06,581,6581,5.448
Necochea,06,581,6581,5.448
Necochea,06,581,6581,8.992
Necochea,06,581,6581,7.848
Necochea,06,581,6581,5.56
Necochea,06,581,6581,12.304
Necochea,06,581,6581,8.304
Necochea,06,581,6581,5.448
Necochea,06,581,6581,5.56
Necochea,06,581,6581,6.48
Necochea,06,581,6581,5.216
Necochea,06,581,6581,7.16
Necochea,06,581,6581,10.592
Necochea,06,581,6581,10.704
Necochea,06,581,6581,9.216
Necochea,06,581,6581,9.56
Necochea,06,581,6581,10.592
Necochea,06,581,6581,7.28
Necochea,06,581,6581,8.648
Necochea,06,581,6581,9.792
Necochea,06,581,6581,7.28
Necochea,06,581,6581,6.36
Necochea,06,581,6581,12.304
Necochea,06,581,6581,14.16
Necochea,06,581,6581,14.048
Necochea,06,581,6581,57.7
Necochea,06,581,6581,7.2
Necochea,06,581,6581,6.4
Necochea,06,581,6581,5.9
Necochea,06,581,6581,13
Necochea,06,581,6581,13.1
Necochea,06,581,6581,8.5
Necochea,06,581,6581,11.8
Necochea,06,581,6581,10.8
Olavarria,06,595,6595,15.6
Olavarria,06,595,6595,6.8
Olavarria,06,595,6595,7.3
Olavarria,06,595,6595,9.3
Olavarria,06,595,6595,8.9
Olavarria,06,595,6595,17.4
Olavarria,06,595,6595,12.1
Olavarria,06,595,6595,11.6
Olavarria,06,595,6595,9.7
Olavarria,06,595,6595,4.7
Olavarria,06,595,6595,14.3
Olavarria,06,595,6595,6.4
Olavarria,06,595,6595,7.6
Olavarria,06,595,6595,4
Olavarria,06,595,6595,9.5
Olavarria,06,595,6595,6.9
Olavarria,06,595,6595,11.3
Olavarria,06,595,6595,8.6
Olavarria,06,595,6595,6.8
Olavarria,06,595,6595,7.4
Olavarria,06,595,6595,10.3
Olavarria,06,595,6595,8.5
Olavarria,06,595,6595,8.5
Olavarria,06,595,6595,17.6
Olavarria,06,595,6595,18.2
Olavarria,06,595,6595,32
Olavarria,06,595,6595,10.9
Olavarria,06,595,6595,8.6
Olavarria,06,595,6595,11.4
Olavarria,06,595,6595,9.1
Olavarria,06,595,6595,11.2
Olavarria,06,595,6595,25.3
Olavarria,06,595,6595,85.8
Olavarria,06,595,6595,12
Olavarria,06,595,6595,11.2
Olavarria,06,595,6595,8.5
Olavarria,06,595,6595,8.1
Olavarria,06,595,6595,19.6
Olavarria,06,595,6595,4.3
Olavarria,06,595,6595,21.3
Olavarria,06,595,6595,6.5
Olavarria,06,595,6595,10
Olavarria,06,595,6595,10.4
Olavarria,06,595,6595,12.3
Olavarria,06,595,6595,27.5
Olavarria,06,595,6595,13.4
Olavarria,06,595,6595,22.2
Olavarria,06,595,6595,15.1
Olavarria,06,595,6595,8.1
Olavarria,06,595,6595,13.3
Olavarria,06,595,6595,6.5
Olavarria,06,595,6595,21.5
Olavarria,06,595,6595,5.2
Olavarria,06,595,6595,4.9
Olavarria,06,595,6595,24.1
Olavarria,06,595,6595,18.2
Olavarria,06,595,6595,17.4
Olavarria,06,595,6595,33.1
Olavarria,06,595,6595,27.2
Olavarria,06,595,6595,12.5
Olavarria,06,595,6595,9.6
Olavarria,06,595,6595,12.2
Olavarria,06,595,6595,13.6
Olavarria,06,595,6595,12.2
Olavarria,06,595,6595,10.8
Olavarria,06,595,6595,12.8
Olavarria,06,595,6595,12.6
Olavarria,06,595,6595,13.8
Olavarria,06,595,6595,9.2
Olavarria,06,595,6595,12.3
Olavarria,06,595,6595,18.7
Olavarria,06,595,6595,23.1
Olavarria,06,595,6595,11.8
Olavarria,06,595,6595,10.9
Olavarria,06,595,6595,10.8
Olavarria,06,595,6595,10.8
Olavarria,06,595,6595,7.6
Olavarria,06,595,6595,14.5
Olavarria,06,595,6595,31.2
Olavarria,06,595,6595,17.8
Olavarria,06,595,6595,13.3
Olavarria,06,595,6595,10
Olavarria,06,595,6595,19.1
Olavarria,06,595,6595,9.8
Olavarria,06,595,6595,19.3
Olavarria,06,595,6595,8.9
Olavarria,06,595,6595,18.9
Olavarria,06,595,6595,8.1
Olavarria,06,595,6595,7.3
Olavarria,06,595,6595,3.5
Olavarria,06,595,6595,6.9
Olavarria,06,595,6595,22.8
Olavarria,06,595,6595,9
Olavarria,06,595,6595,12.5
Olavarria,06,595,6595,5.3
Olavarria,06,595,6595,7.4
Olavarria,06,595,6595,13.6
Olavarria,06,595,6595,4.2
Olavarria,06,595,6595,12
Olavarria,06,595,6595,18.4
Olavarria,06,595,6595,4.2
Olavarria,06,595,6595,9.2
Olavarria,06,595,6595,13.2
Olavarria,06,595,6595,9.5
Olavarria,06,595,6595,4.7
Olavarria,06,595,6595,22.7
Olavarria,06,595,6595,32.5
Olavarria,06,595,6595,10.1
Olavarria,06,595,6595,5.9
Olavarria,06,595,6595,20.9
Olavarria,06,595,6595,6.8
Olavarria,06,595,6595,5.5
Olavarria,06,595,6595,20
Olavarria,06,595,6595,3.8
Olavarria,06,595,6595,5.2
Olavarria,06,595,6595,5.1
Olavarria,06,595,6595,6.2
Olavarria,06,595,6595,4.2
Olavarria,06,595,6595,6.8
Olavarria,06,595,6595,28
Olavarria,06,595,6595,2.8
Olavarria,06,595,6595,8.8
Olavarria,06,595,6595,9.8
Olavarria,06,595,6595,3.4
Olavarria,06,595,6595,7.9
Olavarria,06,595,6595,8.4
Olavarria,06,595,6595,4.9
Olavarria,06,595,6595,4.9
Olavarria,06,595,6595,19.9
Olavarria,06,595,6595,8.9
Olavarria,06,595,6595,4.9
Olavarria,06,595,6595,4.5
Olavarria,06,595,6595,19.7
Olavarria,06,595,6595,10.5
Olavarria,06,595,6595,10.3
Olavarria,06,595,6595,4.9
Olavarria,06,595,6595,9
Olavarria,06,595,6595,5.3
Olavarria,06,595,6595,4.7
Olavarria,06,595,6595,10.66
Olavarria,06,595,6595,5.3
Olavarria,06,595,6595,5.3
Olavarria,06,595,6595,7.7
Olavarria,06,595,6595,5.3
Olavarria,06,595,6595,9
Olavarria,06,595,6595,7.2
Olavarria,06,595,6595,4.4
Olavarria,06,595,6595,5
Olavarria,06,595,6595,4.2
Olavarria,06,595,6595,7.8
Olavarria,06,595,6595,4.4
Olavarria,06,595,6595,6.9
Olavarria,06,595,6595,6.6
Olavarria,06,595,6595,4.5
Olavarria,06,595,6595,4.5
Olavarria,06,595,6595,2.6
Olavarria,06,595,6595,6
Olavarria,06,595,6595,2.7
Olavarria,06,595,6595,13.1
Olavarria,06,595,6595,4
Olavarria,06,595,6595,9.504
Olavarria,06,595,6595,5.6
Olavarria,06,595,6595,17.88235294117647
Olavarria,06,595,6595,14.013071895424838
Olavarria,06,595,6595,21.856209150326798
Olavarria,06,595,6595,23.00653594771242
Olavarria,06,595,6595,18.509803921568626
Olavarria,06,595,6595,3.490909090909091
Olavarria,06,595,6595,3.2
Olavarria,06,595,6595,8.581818181818182
Olavarria,06,595,6595,48.096
Olavarria,06,595,6595,15.584
Olavarria,06,595,6595,9.896
Olavarria,06,595,6595,19.28
Olavarria,06,595,6595,17.832
Olavarria,06,595,6595,16.829629629629625
Olavarria,06,595,6595,16.948148148148146
Olavarria,06,595,6595,12.918518518518518
Olavarria,06,595,6595,10.666666666666666
Olavarria,06,595,6595,16.118518518518517
Olavarria,06,595,6595,8.65185185185185
Olavarria,06,595,6595,7.712
Olavarria,06,595,6595,6.104
Olavarria,06,595,6595,6.224
Olavarria,06,595,6595,12.856
Olavarria,06,595,6595,4.328
Olavarria,06,595,6595,4.56
Olavarria,06,595,6595,8.12
Olavarria,06,595,6595,12.152
Olavarria,06,595,6595,5.752
Olavarria,06,595,6595,3.616
Olavarria,06,595,6595,7.016
Olavarria,06,595,6595,8.08
Olavarria,06,595,6595,10.016
Olavarria,06,595,6595,5.448
Olavarria,06,595,6595,10.936
Olavarria,06,595,6595,10.592
Olavarria,06,595,6595,4.416
Olavarria,06,595,6595,4.536
Olavarria,06,595,6595,4.416
Olavarria,06,595,6595,8.648
Olavarria,06,595,6595,7.392
Olavarria,06,595,6595,12.192
Olavarria,06,595,6595,8.992
Olavarria,06,595,6595,7.616
Olavarria,06,595,6595,6.816
Olavarria,06,595,6595,12.536
Olavarria,06,595,6595,8.88
Olavarria,06,595,6595,12.1
Olavarria,06,595,6595,7.7
Olavarria,06,595,6595,17.7
Olavarria,06,595,6595,4
Olavarria,06,595,6595,7
Olavarria,06,595,6595,14.7
Olavarria,06,595,6595,14.9
Olavarria,06,595,6595,7.4
Olavarria,06,595,6595,5.6
Olavarria,06,595,6595,6.4
Olavarria,06,595,6595,6.4
Olavarria,06,595,6595,11.2
Olavarria,06,595,6595,12.2
Olavarria,06,595,6595,9.6
Olavarria,06,595,6595,8.5
Olavarria,06,595,6595,28.4
Olavarria,06,595,6595,16.8
Olavarria,06,595,6595,9.5
Olavarria,06,595,6595,12.7
Olavarria,06,595,6595,2.3
Olavarria,06,595,6595,4.1
Olavarria,06,595,6595,3.9
Olavarria,06,595,6595,3.7
Olavarria,06,595,6595,3.5
Olavarria,06,595,6595,7.6
Olavarria,06,595,6595,7.6
Olavarria,06,595,6595,19.1
Olavarria,06,595,6595,12.6
Olavarria,06,595,6595,9.9
Olavarria,06,595,6595,3.9
Olavarria,06,595,6595,6
Olavarria,06,595,6595,4.4
Olavarria,06,595,6595,4.9
Olavarria,06,595,6595,4.6
Olavarria,06,595,6595,2.8
San Cayetano,06,742,6742,3.848
San Cayetano,06,742,6742,6.2
San Cayetano,06,742,6742,8.96
San Cayetano,06,742,6742,7.464
San Cayetano,06,742,6742,5.16
San Cayetano,06,742,6742,56.592
San Cayetano,06,742,6742,15.52
San Cayetano,06,742,6742,12.416
San Cayetano,06,742,6742,6.544
San Cayetano,06,742,6742,11.488
San Cayetano,06,742,6742,18.28
San Cayetano,06,742,6742,11.608
San Cayetano,06,742,6742,11.72
San Cayetano,06,742,6742,13.448
San Cayetano,06,742,6742,15.056
San Cayetano,06,742,6742,11.144
San Cayetano,06,742,6742,14.944
San Cayetano,06,742,6742,11.488
San Cayetano,06,742,6742,10.92
San Cayetano,06,742,6742,12.064
San Cayetano,06,742,6742,11.144
San Cayetano,06,742,6742,12.7
San Cayetano,06,742,6742,5
San Cayetano,06,742,6742,6.6
San Cayetano,06,742,6742,7.9
San Cayetano,06,742,6742,5.4
San Cayetano,06,742,6742,7.9
San Cayetano,06,742,6742,5.2
San Cayetano,06,742,6742,5.2
San Cayetano,06,742,6742,7.9
San Cayetano,06,742,6742,7.2
San Cayetano,06,742,6742,8.6
San Cayetano,06,742,6742,13.6
San Cayetano,06,742,6742,13.3
San Cayetano,06,742,6742,6
San Cayetano,06,742,6742,12.7
San Cayetano,06,742,6742,8.1
San Cayetano,06,742,6742,11.8
San Cayetano,06,742,6742,13.6
San Cayetano,06,742,6742,10.256
San Cayetano,06,742,6742,9.216
San Cayetano,06,742,6742,15.8
San Cayetano,06,742,6742,19.608
San Cayetano,06,742,6742,15.224
San Cayetano,06,742,6742,7.824
San Cayetano,06,742,6742,10.6
San Cayetano,06,742,6742,60.96
San Cayetano,06,742,6742,9.096
San Cayetano,06,742,6742,8.984
San Cayetano,06,742,6742,11.296
San Cayetano,06,742,6742,8.52
San Cayetano,06,742,6742,11.064
San Cayetano,06,742,6742,21.576
San Cayetano,06,742,6742,9.216
San Cayetano,06,742,6742,8.52
San Cayetano,06,742,6742,13.024
San Cayetano,06,742,6742,7.712
San Cayetano,06,742,6742,10.832
Tandil,06,791,6791,23.04
Tandil,06,791,6791,22.64
Tandil,06,791,6791,36.32
Tandil,06,791,6791,12.24
Tandil,06,791,6791,9.48
Tandil,06,791,6791,7.6
Tandil,06,791,6791,9.48
Tandil,06,791,6791,11.632
Tandil,06,791,6791,7.192
Tandil,06,791,6791,10.424
Tandil,06,791,6791,15.8
Tandil,06,791,6791,6.656
Tandil,06,791,6791,4.368
Tandil,06,791,6791,9.072
Tandil,06,791,6791,10.96
Tandil,06,791,6791,36.536
Tandil,06,791,6791,5.272
Tandil,06,791,6791,12.416
Tandil,06,791,6791,8.384
Tandil,06,791,6791,7.464
Tandil,06,791,6791,11.608
Tandil,06,791,6791,9.768
Tandil,06,791,6791,8.424
Tandil,06,791,6791,10.84
Tandil,06,791,6791,10.608
Tandil,06,791,6791,14.296
Tandil,06,791,6791,10.608
Tandil,06,791,6791,15.096
Tandil,06,791,6791,24.304
Tandil,06,791,6791,18.208
Tandil,06,791,6791,12.104
Tandil,06,791,6791,9
Tandil,06,791,6791,10.608
Tandil,06,791,6791,14.064
Tandil,06,791,6791,8.192
Tandil,06,791,6791,6.696
Tandil,06,791,6791,6.008
Tandil,06,791,6791,14.192
Tandil,06,791,6791,16.768
Tandil,06,791,6791,7.984
Tandil,06,791,6791,11.496
Tandil,06,791,6791,8.315412186379927
Tandil,06,791,6791,58.20788530465949
Tandil,06,791,6791,16.148738379814077
Tandil,06,791,6791,11.261620185922974
Tandil,06,791,6791,12.855245683930942
Tandil,06,791,6791,6.2
Tandil,06,791,6791,10.4
Tandil,06,791,6791,5.8
Tandil,06,791,6791,6.9
Tandil,06,791,6791,6.8
Tandil,06,791,6791,6.7
Tandil,06,791,6791,16.3
Tandil,06,791,6791,6.2
Tandil,06,791,6791,8.2
Tandil,06,791,6791,6.5
Tandil,06,791,6791,6.8
Tandil,06,791,6791,13.1
Tandil,06,791,6791,7.9
Tandil,06,791,6791,8.4
Tandil,06,791,6791,6.8
Tandil,06,791,6791,13.3
Tandil,06,791,6791,15
Tandil,06,791,6791,6.3
Tandil,06,791,6791,45
Tandil,06,791,6791,14.5
Tandil,06,791,6791,17.4
Tandil,06,791,6791,7
Tandil,06,791,6791,17.5
Tandil,06,791,6791,9.4
Tandil,06,791,6791,11.3
Tandil,06,791,6791,11.7
Tandil,06,791,6791,12.6
Tandil,06,791,6791,5.5
Tandil,06,791,6791,8
Tandil,06,791,6791,7.1
Tandil,06,791,6791,6.2
Tandil,06,791,6791,7.4
Tandil,06,791,6791,7.4
Tandil,06,791,6791,22
Tandil,06,791,6791,18.1
Tandil,06,791,6791,6.3
Tandil,06,791,6791,9
Tandil,06,791,6791,9.7
Tandil,06,791,6791,4.5
Tandil,06,791,6791,4.5
Tandil,06,791,6791,2.9
Tandil,06,791,6791,2.5
Tandil,06,791,6791,20.9
Tandil,06,791,6791,27.9
Tandil,06,791,6791,48
Tandil,06,791,6791,11.3
Tandil,06,791,6791,2.5
Tandil,06,791,6791,3.1
Tandil,06,791,6791,5.9
Tandil,06,791,6791,2.7
Tandil,06,791,6791,3.1
Tandil,06,791,6791,14
Tandil,06,791,6791,6.7
Tandil,06,791,6791,60.6
Tandil,06,791,6791,8.6
Tandil,06,791,6791,11.5
Tandil,06,791,6791,7.4
Tandil,06,791,6791,5.3
Tandil,06,791,6791,9.7
Tandil,06,791,6791,8.6
Tandil,06,791,6791,8.9
Tandil,06,791,6791,7.5
Tandil,06,791,6791,10.9
Tandil,06,791,6791,11
Tandil,06,791,6791,12.2
Tandil,06,791,6791,12.9
Tandil,06,791,6791,6.6
Tandil,06,791,6791,9.6
Tandil,06,791,6791,14.7
Tandil,06,791,6791,12.4
Tandil,06,791,6791,8.9
Tandil,06,791,6791,7.5
Tandil,06,791,6791,7.3
Tandil,06,791,6791,10.4
Tandil,06,791,6791,14.8
Tandil,06,791,6791,2.5
Tandil,06,791,6791,5.7
Tandil,06,791,6791,5.2
Tandil,06,791,6791,6
Tandil,06,791,6791,2.5
Tandil,06,791,6791,3.2
Tandil,06,791,6791,23.9
Tandil,06,791,6791,3.2
Tandil,06,791,6791,2.9
Tandil,06,791,6791,2.5
Tandil,06,791,6791,4.7
Tandil,06,791,6791,11.7
Tandil,06,791,6791,9.2
Tandil,06,791,6791,13.3
Tandil,06,791,6791,11.5
Tandil,06,791,6791,13.6
Tandil,06,791,6791,9.9
Tandil,06,791,6791,11.8
Tandil,06,791,6791,8.4
Tandil,06,791,6791,2.5
Tandil,06,791,6791,3.7
Tandil,06,791,6791,3.5
Tandil,06,791,6791,2.7
Tandil,06,791,6791,4.2
Tandil,06,791,6791,5.2
Tandil,06,791,6791,8
Tandil,06,791,6791,5.1
Tandil,06,791,6791,2.7
Tandil,06,791,6791,6.6
Tandil,06,791,6791,8.7
Tandil,06,791,6791,5.1
Tandil,06,791,6791,16.6
Tandil,06,791,6791,8.4
Tandil,06,791,6791,6
Tandil,06,791,6791,6.9
Tandil,06,791,6791,8.2
Tandil,06,791,6791,60.9
Tandil,06,791,6791,14.1
Tandil,06,791,6791,17.3
Tandil,06,791,6791,53.6
Tandil,06,791,6791,24.7
Tandil,06,791,6791,18
Tandil,06,791,6791,18.3
Tandil,06,791,6791,4.9
Tandil,06,791,6791,7.4
Tandil,06,791,6791,14.8
Tandil,06,791,6791,10.2
Tandil,06,791,6791,13
Tandil,06,791,6791,12.2
Tandil,06,791,6791,12.1
Tandil,06,791,6791,11.9
Tandil,06,791,6791,19.8
Tandil,06,791,6791,13
Tandil,06,791,6791,17.3
Tandil,06,791,6791,8.7
Tandil,06,791,6791,8.3
Tandil,06,791,6791,11.6
Tandil,06,791,6791,7.5
Tandil,06,791,6791,10.8
Tandil,06,791,6791,31.4
Tandil,06,791,6791,10.7
Tandil,06,791,6791,12.7
Tandil,06,791,6791,8.3
Tandil,06,791,6791,6.6
Tandil,06,791,6791,7
Tandil,06,791,6791,6.6
Tandil,06,791,6791,7.5
Tandil,06,791,6791,7.6
Tandil,06,791,6791,9.5
Tandil,06,791,6791,6.4
Tandil,06,791,6791,3.9
Tandil,06,791,6791,3.2
Tandil,06,791,6791,6
Tandil,06,791,6791,4
Tandil,06,791,6791,6.7
Tandil,06,791,6791,3
Tandil,06,791,6791,8.9
Tandil,06,791,6791,9
Tandil,06,791,6791,3.8
Tandil,06,791,6791,11.1
Tandil,06,791,6791,6.6
Tandil,06,791,6791,8.3
Tandil,06,791,6791,11.7
Tandil,06,791,6791,7.6
Tandil,06,791,6791,7.9
Tandil,06,791,6791,8.3
Tandil,06,791,6791,9.6
Tandil,06,791,6791,11.3
Tandil,06,791,6791,6.6
Tandil,06,791,6791,11.8
Tandil,06,791,6791,9.7
Tandil,06,791,6791,6.9
Tandil,06,791,6791,11.2
Tandil,06,791,6791,6.1
Tandil,06,791,6791,5.8
Tandil,06,791,6791,7
Tandil,06,791,6791,9.3
Tandil,06,791,6791,7.9
Tandil,06,791,6791,9.5
Tandil,06,791,6791,6
Tandil,06,791,6791,6.4
Tandil,06,791,6791,11.7
Tandil,06,791,6791,7
Tandil,06,791,6791,11.8
Tandil,06,791,6791,7.7
Tandil,06,791,6791,7.4
Tandil,06,791,6791,7.4
Tandil,06,791,6791,4
Tandil,06,791,6791,4.1
Tandil,06,791,6791,3.7
Tandil,06,791,6791,5.4
Tandil,06,791,6791,5.8
Tandil,06,791,6791,8.8
Tandil,06,791,6791,5.1
Tandil,06,791,6791,3
Tandil,06,791,6791,6.752
Tandil,06,791,6791,9.208
Tandil,06,791,6791,8.504
Tandil,06,791,6791,15.864
Tandil,06,791,6791,15.2
Tandil,06,791,6791,21.1
Tandil,06,791,6791,7.9
Tandil,06,791,6791,13.9
Tandil,06,791,6791,4.3
Tandil,06,791,6791,7.4
Tandil,06,791,6791,16.9
Tandil,06,791,6791,5.9
Tandil,06,791,6791,5.2
Tandil,06,791,6791,24.232
Tandil,06,791,6791,31.368
Tandil,06,791,6791,28.032
Tandil,06,791,6791,11.104
Tandil,06,791,6791,7.768
Tres Arroyos,06,833,6833,12.96
Tres Arroyos,06,833,6833,92
Tres Arroyos,06,833,6833,10.96
Tres Arroyos,06,833,6833,14.208
Tres Arroyos,06,833,6833,8.672
Tres Arroyos,06,833,6833,13
Tres Arroyos,06,833,6833,11.5
Tres Arroyos,06,833,6833,16.2
Tres Arroyos,06,833,6833,15.7
Tres Arroyos,06,833,6833,19.8
Tres Arroyos,06,833,6833,10.1
Tres Arroyos,06,833,6833,13.1
Tres Arroyos,06,833,6833,10.1
Tres Arroyos,06,833,6833,11.3
Tres Arroyos,06,833,6833,9.8
Tres Arroyos,06,833,6833,12.5
Tres Arroyos,06,833,6833,10
Tres Arroyos,06,833,6833,7.7
Tres Arroyos,06,833,6833,5.2
Tres Arroyos,06,833,6833,27.4
Tres Arroyos,06,833,6833,9.6
Tres Arroyos,06,833,6833,6.3
Tres Arroyos,06,833,6833,9.4
Tres Arroyos,06,833,6833,6.7
Tres Arroyos,06,833,6833,7.5
Tres Arroyos,06,833,6833,5.1
Tres Arroyos,06,833,6833,9.6
Tres Arroyos,06,833,6833,8.4
Tres Arroyos,06,833,6833,11.3
Tres Arroyos,06,833,6833,14.1
Tres Arroyos,06,833,6833,10.8
Tres Arroyos,06,833,6833,13.2
Tres Arroyos,06,833,6833,13.7
Tres Arroyos,06,833,6833,13.1
Tres Arroyos,06,833,6833,9.2
Tres Arroyos,06,833,6833,10.7
Tres Arroyos,06,833,6833,11.6
Tres Arroyos,06,833,6833,10.3
Tres Arroyos,06,833,6833,6.8
Tres Arroyos,06,833,6833,11.2
Tres Arroyos,06,833,6833,14.2
Tres Arroyos,06,833,6833,9.1
Tres Arroyos,06,833,6833,5.7
Tres Arroyos,06,833,6833,8.2
Tres Arroyos,06,833,6833,7
Tres Arroyos,06,833,6833,9.9
Tres Arroyos,06,833,6833,12.4
Tres Arroyos,06,833,6833,6.8
Tres Arroyos,06,833,6833,11.4
Tres Arroyos,06,833,6833,13.1
Tres Arroyos,06,833,6833,11.5
Tres Arroyos,06,833,6833,9.5
Tres Arroyos,06,833,6833,8.4
Tres Arroyos,06,833,6833,11.7
Tres Arroyos,06,833,6833,9.9
Tres Arroyos,06,833,6833,9.2
Tres Arroyos,06,833,6833,11.1
Tres Arroyos,06,833,6833,5.9
Tres Arroyos,06,833,6833,8.1
Tres Arroyos,06,833,6833,7.3
Tres Arroyos,06,833,6833,11.2
Tres Arroyos,06,833,6833,10.1
Tres Arroyos,06,833,6833,5.5
Tres Arroyos,06,833,6833,19.5
Tres Arroyos,06,833,6833,7.8
Tres Arroyos,06,833,6833,9.5
Tres Arroyos,06,833,6833,11.3
Tres Arroyos,06,833,6833,17.4
Tres Arroyos,06,833,6833,9.3
Tres Arroyos,06,833,6833,3.7
Tres Arroyos,06,833,6833,7.9
Tres Arroyos,06,833,6833,7
Tres Arroyos,06,833,6833,18
Tres Arroyos,06,833,6833,9.5
Tres Arroyos,06,833,6833,20.8
Tres Arroyos,06,833,6833,21.2
Tres Arroyos,06,833,6833,6
Tres Arroyos,06,833,6833,12.7
Tres Arroyos,06,833,6833,10.1
Tres Arroyos,06,833,6833,15.4
Tres Arroyos,06,833,6833,12.2
Tres Arroyos,06,833,6833,8.6
Tres Arroyos,06,833,6833,8.6
Tres Arroyos,06,833,6833,13.1
Tres Arroyos,06,833,6833,8.7
Tres Arroyos,06,833,6833,10.2
Tres Arroyos,06,833,6833,9.2
Tres Arroyos,06,833,6833,10.9
Tres Arroyos,06,833,6833,6.2
Tres Arroyos,06,833,6833,14.6
Tres Arroyos,06,833,6833,31.7
Tres Arroyos,06,833,6833,29.1
Tres Arroyos,06,833,6833,10.7
Tres Arroyos,06,833,6833,18.9
Tres Arroyos,06,833,6833,20.6
Tres Arroyos,06,833,6833,30.9
Tres Arroyos,06,833,6833,23.5
Tres Arroyos,06,833,6833,54
Tres Arroyos,06,833,6833,21
Tres Arroyos,06,833,6833,18.5
Tres Arroyos,06,833,6833,11.4
Tres Arroyos,06,833,6833,21.8
Tres Arroyos,06,833,6833,12.1
Tres Arroyos,06,833,6833,15
Tres Arroyos,06,833,6833,8
Tres Arroyos,06,833,6833,15.3
Tres Arroyos,06,833,6833,14.1
Tres Arroyos,06,833,6833,9.4
Tres Arroyos,06,833,6833,9.3
Tres Arroyos,06,833,6833,15.4
Tres Arroyos,06,833,6833,10.616
